SQLDATE,V2Themes,Organizations,V2Tone,SourceCollectionIdentifier,DocumentIdentifier,date,sentiment_score,year,month,day_of_week,sentiment_category,sentiment_abs,is_negative,is_positive,week_of_year,quarter,date_str,sentiment_7d_avg,sentiment_30d_avg
1,LEGISLATION;EPU_POLICY;EPU_POLICY_LAW;WB_845_LEGAL_AND_REGULATORY_FRAMEWORK;WB_696_PUBLIC_SECTOR_MANAGEMENT;WB_969_CAPITAL_MARKETS_LAW_AND_REGULATION;WB_853_FINANCIAL_LAWS_AND_REGULATIONS;TRIAL;TAX_FNCACT;TAX_FNCACT_EXECUTIVES;APPOINTMENT;CORRUPTION;WB_2019_ANTI_CORRUPTION_LEGISLATION;WB_831_GOVERNANCE;WB_832_ANTI_CORRUPTION;WB_2020_BRIBERY_FRAUD_AND_COLLUSION;WB_678_DIGITAL_GOVERNMENT;WB_694_BROADCAST_AND_MEDIA;WB_133_INFORMATION_AND_COMMUNICATION_TECHNOLOGIES;MEDIA_SOCIAL;WB_652_ICT_APPLICATIONS;WB_662_SOCIAL_MEDIA;WB_658_ENTERPRISE_APPLICATIONS;TRAFFIC;ECON_STOCKMARKET;TAX_ECON_PRICE;TAX_FNCACT_ANALYST;WB_962_INTERNATIONAL_LAW;TAX_FNCACT_ATTORNEYS;TAX_FNCACT_DIRECTORS;WB_1331_HEALTH_TECHNOLOGIES;WB_1350_PHARMACEUTICALS;WB_621_HEALTH_NUTRITION_AND_POPULATION;TAX_FNCACT_ATTORNEY;,google;bleichmar fonti auld;news network;securities exchange;tesla inc;u s district court;reddit inc;why bleichmar fonti auld,"-2.43111831442464,1.45867098865478,3.88978930307942,5.3484602917342,17.5040518638574,0.972447325769854",pr-inside.com,https://www.pr-inside.com/rddt-class-action-alert-reddit-inc-shareholders-with-losses-are-r5117393.htm,2024-07-01,-2.43111831442464,2024,7,Monday,Very Negative,2.43111831442464,True,False,27,3,2024-07-01,-2.43111831442464,-2.43111831442464
1,LEGISLATION;EPU_POLICY;EPU_POLICY_LAW;WB_845_LEGAL_AND_REGULATORY_FRAMEWORK;WB_696_PUBLIC_SECTOR_MANAGEMENT;WB_969_CAPITAL_MARKETS_LAW_AND_REGULATION;WB_853_FINANCIAL_LAWS_AND_REGULATIONS;TRIAL;TAX_FNCACT;TAX_FNCACT_EXECUTIVES;APPOINTMENT;CORRUPTION;WB_2019_ANTI_CORRUPTION_LEGISLATION;WB_831_GOVERNANCE;WB_832_ANTI_CORRUPTION;WB_2020_BRIBERY_FRAUD_AND_COLLUSION;TAX_FNCACT_ASSISTANT;SOC_EMERGINGTECH;ECON_STOCKMARKET;DELAY;USPEC_UNCERTAINTY1;TAX_ECON_PRICE;WB_698_TRADE;TAX_FNCACT_DEVELOPER;WB_678_DIGITAL_GOVERNMENT;WB_694_BROADCAST_AND_MEDIA;WB_133_INFORMATION_AND_COMMUNICATION_TECHNOLOGIES;WB_962_INTERNATIONAL_LAW;TAX_FNCACT_ATTORNEYS;TAX_FNCACT_DIRECTORS;WB_1331_HEALTH_TECHNOLOGIES;WB_1350_PHARMACEUTICALS;WB_621_HEALTH_NUTRITION_AND_POPULATION;TAX_FNCACT_ATTORNEY;,cnn;nasdaq;bleichmar fonti auld;news network;securities exchange;u s district court;tesla inc;why bleichmar fonti auld;apple inc,"-1.81268882175227,1.96374622356495,3.77643504531722,5.74018126888217,16.4652567975831,0.906344410876133",pr-inside.com,https://www.pr-inside.com/aapl-class-action-alert-apple-inc-shareholders-with-losses-are-notified-r5117385.htm,2024-07-02,-1.81268882175227,2024,7,Tuesday,Negative,1.81268882175227,True,False,27,3,2024-07-02,-2.121903568088455,-2.121903568088455
1,ECON_STOCKMARKET;TAX_ETHNICITY;TAX_ETHNICITY_CHINESE;TAX_WORLDLANGUAGES;TAX_WORLDLANGUAGES_CHINESE;,tesla service center,"2.89855072463768,7.2463768115942,4.34782608695652,11.5942028985507,17.3913043478261,0",seekingalpha.com,https://seekingalpha.com/news/4464601-tesla-breaks-8-month-china-sales-slump,2024-07-03,2.89855072463768,2024,7,Wednesday,Very Positive,2.89855072463768,False,True,27,3,2024-07-03,-0.4484188038464101,-0.4484188038464101
1,ECON_STOCKMARKET;LEADER;TAX_FNCACT;TAX_FNCACT_PRESIDENT;USPEC_POLITICS_GENERAL1;TAX_ECON_PRICE;TAX_FNCACT_PERFORMER;TAX_FNCACT_MANUFACTURER;WB_698_TRADE;NATURAL_DISASTER;NATURAL_DISASTER_FLOOD;,apple inc;nvidia;goldman sachs;alphabet inc class;nasdaq;microsoft;microsoft corp;meta platforms inc;tesla inc,"1.38648180242634,2.77296360485269,1.38648180242634,4.15944540727903,16.1178509532062,4.15944540727903",fool.com.au,https://www.fool.com.au/2025/07/03/how-did-the-us-magnificent-seven-stocks-perform-in-fy25/,2024-07-04,1.38648180242634,2024,7,Thursday,Positive,1.38648180242634,False,True,27,3,2024-07-04,0.010306347721777409,0.010306347721777409
1,TAX_POLITICAL_PARTY;TAX_POLITICAL_PARTY_LIBERTARIAN;USPEC_POLITICS_GENERAL1;TAX_FNCACT;TAX_FNCACT_CEO;TAX_POLITICAL_PARTY_LIBERTARIAN_PARTY;TAX_FNCACT_POLITICO;TAX_DISEASE;TAX_DISEASE_DISRUPTIVE;ELECTION;USPEC_POLICY1;EPU_POLICY;EPU_POLICY_BUDGET;TAX_POLITICAL_PARTY_REPUBLICAN;EPU_POLICY_POLITICAL;WB_926_POLITICAL_PARTICIPATION;WB_615_GENDER;WB_924_VOICE_AND_AGENCY;LEADER;TAX_FNCACT_PRESIDENT;EPU_POLICY_SPENDING;LEGISLATION;UNGP_FORESTS_RIVERS_OCEANS;ARMEDCONFLICT;TAX_FNCACT_LEADER;,tesla inc;america party;libertarian party;libertarian national committee,"2.05655526992288,5.1413881748072,3.08483290488432,8.22622107969152,21.0796915167095,0",benzinga.com,https://www.benzinga.com/news/politics/25/07/46239662/elon-musk-receives-invitation-to-join-libertarian-party-making-a-new-third-party-would-be-a-mistake,2024-07-05,2.05655526992288,2024,7,Friday,Very Positive,2.05655526992288,False,True,27,3,2024-07-05,0.41955613216199794,0.41955613216199794
1,LEGISLATION;EPU_POLICY;EPU_POLICY_LAW;WB_845_LEGAL_AND_REGULATORY_FRAMEWORK;WB_696_PUBLIC_SECTOR_MANAGEMENT;WB_969_CAPITAL_MARKETS_LAW_AND_REGULATION;WB_853_FINANCIAL_LAWS_AND_REGULATIONS;TRIAL;GENERAL_HEALTH;MEDICAL;TAX_FNCACT;TAX_FNCACT_EXECUTIVES;APPOINTMENT;CORRUPTION;WB_2019_ANTI_CORRUPTION_LEGISLATION;WB_831_GOVERNANCE;WB_832_ANTI_CORRUPTION;WB_2020_BRIBERY_FRAUD_AND_COLLUSION;TAX_DISEASE;TAX_DISEASE_WEIGHT_LOSS;WB_1331_HEALTH_TECHNOLOGIES;WB_2453_ORGANIZED_CRIME;WB_1350_PHARMACEUTICALS;WB_2433_CONFLICT_AND_VIOLENCE;WB_621_HEALTH_NUTRITION_AND_POPULATION;WB_2432_FRAGILITY_CONFLICT_AND_VIOLENCE;WB_2456_DRUGS_AND_NARCOTICS;UNGP_FORESTS_RIVERS_OCEANS;EPU_CATS_HEALTHCARE;USPEC_POLICY1;ECON_STOCKMARKET;CRISISLEX_C03_WELLBEING_HEALTH;UNGP_CRIME_VIOLENCE;BAN;TAX_ECON_PRICE;WB_962_INTERNATIONAL_LAW;TAX_FNCACT_ATTORNEYS;TAX_FNCACT_DIRECTORS;TAX_FNCACT_ATTORNEY;,u s district court;news network;hims hers health inc;why bleichmar fonti auld;bleichmar fonti auld;securities exchange;novo nordisk;tesla inc,"-1.39751552795031,2.79503105590062,4.19254658385093,6.98757763975155,15.6832298136646,0.93167701863354",pr-inside.com,https://www.pr-inside.com/hims-class-action-alert-hims-hers-health-inc-shareholders-with-r5117390.htm,2024-07-06,-1.39751552795031,2024,7,Saturday,Negative,1.39751552795031,True,False,27,3,2024-07-06,0.11671085547661326,0.11671085547661326
1,LEGISLATION;EPU_POLICY;EPU_POLICY_LAW;WB_845_LEGAL_AND_REGULATORY_FRAMEWORK;WB_696_PUBLIC_SECTOR_MANAGEMENT;WB_969_CAPITAL_MARKETS_LAW_AND_REGULATION;WB_853_FINANCIAL_LAWS_AND_REGULATIONS;TRIAL;TAX_FNCACT;TAX_FNCACT_EXECUTIVES;APPOINTMENT;CORRUPTION;WB_2019_ANTI_CORRUPTION_LEGISLATION;WB_831_GOVERNANCE;WB_832_ANTI_CORRUPTION;WB_2020_BRIBERY_FRAUD_AND_COLLUSION;TAX_FNCACT_DESIGNER;TAX_FNCACT_MANUFACTURER;TAX_ECON_PRICE;ECON_STOCKMARKET;WB_2024_ANTI_CORRUPTION_AUTHORITIES;WB_840_JUSTICE;WB_2025_INVESTIGATION;WB_1014_CRIMINAL_JUSTICE;DELAY;USPEC_UNCERTAINTY1;TAX_FNCACT_FOUNDER;RESIGNATION;WB_2048_COMPENSATION_CAREERS_AND_INCENTIVES;WB_723_PUBLIC_ADMINISTRATION;WB_724_HUMAN_RESOURCES_FOR_PUBLIC_SECTOR;WB_962_INTERNATIONAL_LAW;TAX_FNCACT_ATTORNEYS;TAX_FNCACT_DIRECTORS;WB_1331_HEALTH_TECHNOLOGIES;WB_1350_PHARMACEUTICALS;WB_621_HEALTH_NUTRITION_AND_POPULATION;TAX_FNCACT_ATTORNEY;,bleichmar fonti auld;news network;compass group diversified holdings;compass group diversified holdings inc;compass diversified holdings;why bleichmar fonti auld;lugano holdings inc;securities exchange;tesla inc;u s district court,"-2.1558872305141,1.32669983416252,3.48258706467662,4.80928689883914,20.7296849087894,1.16086235489221",pr-inside.com,https://www.pr-inside.com/codi-class-action-alert-compass-diversified-holdings-shareholders-r5117386.htm,2024-07-07,-2.1558872305141,2024,7,Sunday,Very Negative,2.1558872305141,True,False,27,3,2024-07-07,-0.2079460139506315,-0.2079460139506315
1,ECON_STOCKMARKET;WB_698_TRADE;EPU_ECONOMY_HISTORIC;USPEC_POLICY1;EPU_POLICY;EPU_POLICY_SPENDING;EPU_ECONOMY;GENERAL_HEALTH;MEDICAL;ECON_WORLDCURRENCIES;ECON_WORLDCURRENCIES_DOLLAR;WB_135_TRANSPORT;WB_1174_WAREHOUSING_AND_STORAGE;WB_793_TRANSPORT_AND_LOGISTICS_SERVICES;EPU_POLICY_REGULATORY;WB_1973_FINANCIAL_RISK_REDUCTION;WB_435_AGRICULTURE_AND_FOOD_SECURITY;WB_337_INSURANCE;WB_1967_AGRICULTURAL_RISK_AND_SECURITY;WB_678_DIGITAL_GOVERNMENT;WB_694_BROADCAST_AND_MEDIA;WB_133_INFORMATION_AND_COMMUNICATION_TECHNOLOGIES;TAX_ECON_PRICE;CRISISLEX_C07_SAFETY;TAX_FNCACT;TAX_FNCACT_COPILOT;,tesla inc;energy generation;micron technology;apple inc;microsoft;amazon web services;micron technology inc;microsoft corporation;nasdaq;united states,"0.381315538608198,1.04861773117255,0.667302192564347,1.71591992373689,15.443279313632,0",themarketsdaily.com,https://www.themarketsdaily.com/2025/07/03/promising-retail-stocks-to-watch-now-june-30th.html,2024-07-08,0.381315538608198,2024,7,Monday,Positive,0.381315538608198,False,True,28,3,2024-07-08,0.19383025076834537,-0.13428831988077783
1,MANMADE_DISASTER_IMPLIED;TAX_FNCACT;TAX_FNCACT_PRODUCER;EPU_CATS_REGULATION;EPU_CATS_FINANCIAL_REGULATION;TAX_FNCACT_INSIDER;TAX_FNCACT_DIRECTOR;TAX_ECON_PRICE;LEADER;TAX_FNCACT_PRESIDENT;USPEC_POLITICS_GENERAL1;TAX_FNCACT_VICE_PRESIDENT;TAX_FNCACT_SENIOR_VICE_PRESIDENT;WB_698_TRADE;TAX_FNCACT_INSIDERS;TAX_FNCACT_ANALYSTS;AFFECT;TAX_FNCACT_ANALYST;EPU_ECONOMY_HISTORIC;WB_135_TRANSPORT;WB_1174_WAREHOUSING_AND_STORAGE;WB_793_TRANSPORT_AND_LOGISTICS_SERVICES;EPU_POLICY;EPU_POLICY_REGULATORY;WB_1973_FINANCIAL_RISK_REDUCTION;WB_435_AGRICULTURE_AND_FOOD_SECURITY;WB_337_INSURANCE;WB_1967_AGRICULTURAL_RISK_AND_SECURITY;,cherry tree wealth management;united states;tesla company profile;energy generation;horrell capital management inc;securities exchange commission;tesla inc;nasdaq;mainstream capital management;true wealth design;newton one investments,"2.09125475285171,2.47148288973384,0.380228136882129,2.85171102661597,19.4866920152091,0",dailypolitical.com,https://www.dailypolitical.com/2025/07/03/mainstream-capital-management-llc-boosts-stock-holdings-in-tesla-inc-nasdaqtsla.html,2024-07-09,2.09125475285171,2024,7,Tuesday,Very Positive,2.09125475285171,False,True,28,3,2024-07-09,0.7515364757117711,0.11299424375616526
1,MANMADE_DISASTER_IMPLIED;WB_678_DIGITAL_GOVERNMENT;WB_694_BROADCAST_AND_MEDIA;WB_133_INFORMATION_AND_COMMUNICATION_TECHNOLOGIES;TAX_FNCACT;TAX_FNCACT_REPRESENTATIVE;MEDIA_MSM;TAX_FNCACT_TENANT;WB_1921_PRIVATE_SECTOR_DEVELOPMENT;WB_405_BUSINESS_CLIMATE;WB_2531_INSPECTIONS_LICENSING_AND_PERMITS;WB_2530_BUSINESS_ENVIRONMENT;WB_135_TRANSPORT;WB_1174_WAREHOUSING_AND_STORAGE;WB_793_TRANSPORT_AND_LOGISTICS_SERVICES;ENV_SOLAR;TAX_ECON_PRICE;WB_698_TRADE;TAX_WORLDLANGUAGES;TAX_WORLDLANGUAGES_OREGON;PROTEST;TAX_FNCACT_CEO;,highland hill shopping center;tesla tacoma collision center,"-0.41407867494824,1.24223602484472,1.65631469979296,2.89855072463768,20.2898550724638,0",yahoo.com,https://www.yahoo.com/news/does-tesla-plans-tacoma-west-120000273.html,2024-07-10,-0.41407867494824,2024,7,Wednesday,Negative,0.41407867494824,True,False,28,3,2024-07-10,0.27830370434235396,0.060286951885724735
1,TAX_ETHNICITY;TAX_ETHNICITY_ASIAN;WB_2670_JOBS;WB_1467_EDUCATION_FOR_ALL;WB_470_EDUCATION;WB_2131_EMPLOYABILITY_SKILLS_AND_JOBS;WB_1484_EDUCATION_SKILLS_DEVELOPMENT_AND_LABOR_MARKET;ECON_STOCKMARKET;WB_698_TRADE;WB_696_PUBLIC_SECTOR_MANAGEMENT;WB_713_PUBLIC_FINANCE;WB_1045_TREASURY;TAX_FNCACT;TAX_FNCACT_CHANCELLOR;WB_2936_GOLD;WB_507_ENERGY_AND_EXTRACTIVES;WB_895_MINING_SYSTEMS;WB_1699_METAL_ORE_MINING;ENV_OIL;ECON_WORLDCURRENCIES;ECON_WORLDCURRENCIES_DOLLAR;TAX_FNCACT_TRADERS;USPEC_POLICY1;EPU_UNCERTAINTY;ECON_INTEREST_RATES;EPU_POLICY;EPU_POLICY_INTEREST_RATES;EPU_CATS_MONETARY_POLICY;EPU_ECONOMY;EPU_ECONOMY_HISTORIC;LEGISLATION;USPEC_POLITICS_GENERAL1;EPU_POLICY_LEGISLATION;DELAY;TAX_POLITICAL_PARTY;TAX_POLITICAL_PARTY_REPUBLICAN;USPEC_UNCERTAINTY1;CRISISLEX_C04_LOGISTICS_TRANSPORT;MEDIA_MSM;NEGOTIATIONS;WB_840_JUSTICE;WB_2473_DIPLOMACY_AND_NEGOTIATIONS;WB_939_NEGOTIATION;WB_2470_PEACE_OPERATIONS_AND_CONFLICT_MANAGEMENT;WB_936_ALTERNATIVE_DISPUTE_RESOLUTION;WB_2432_FRAGILITY_CONFLICT_AND_VIOLENCE;WB_843_DISPUTE_RESOLUTION;WB_2471_PEACEKEEPING;TAX_ETHNICITY_VIETNAMESE;TAX_WORLDLANGUAGES;TAX_WORLDLANGUAGES_VIETNAMESE;CRISISLEX_CRISISLEXREC;TAX_ETHNICITY_CHINESE;TAX_WORLDLANGUAGES_CHINESE;TAX_FNCACT_MINISTER;LEADER;TAX_FNCACT_PRIME_MINISTER;GEN_HOLIDAY;UNEMPLOYMENT;WB_2745_JOB_QUALITY_AND_LABOR_MARKET_PERFORMANCE;WB_2689_JOBS_DIAGNOSTICS;WB_2747_UNEMPLOYMENT;UNGP_JOB_OPPORTUNITIES_EMPLOYMENT;IMMIGRATION;WB_2769_JOBS_STRATEGIES;WB_2837_IMMIGRATION;WB_2836_MIGRATION_POLICIES_AND_JOBS;EPU_CATS_MIGRATION_FEAR_MIGRATION;EPU_POLICY_POLICY;EPU_CATS_REGULATION;WB_2748_EMPLOYMENT;EPU_POLICY_FEDERAL_RESERVE;WB_855_LABOR_MARKETS;WB_697_SOCIAL_PROTECTION_AND_LABOR;EPU_POLICY_POLICYMAKERS;ECON_INFLATION;WB_1104_MACROECONOMIC_VULNERABILITY_AND_DEBT;WB_442_INFLATION;CRISISLEX_C03_WELLBEING_HEALTH;WB_439_MACROECONOMIC_AND_STRUCTURAL_POLICIES;WB_829_FISCAL_DECENTRALIZATION;WB_874_LOCAL_FINANCE;WB_877_ASSET_MANAGEMENT;WB_445_FISCAL_POLICY;ECON_WORLDCURRENCIES_EURO;TAX_ETHNICITY_JAPANESE;TAX_WORLDLANGUAGES_JAPANESE;ECON_WORLDCURRENCIES_YEN;ECON_WORLDCURRENCIES_JAPANESE_YEN;ECON_WORLDCURRENCIES_YUAN;TAX_ETHNICITY_AUSTRALIAN;ECON_WORLDCURRENCIES_AUSTRALIAN_DOLLAR;ECON_BITCOIN;ECON_OILPRICE;TECH_AUTOMATION;,research on;bloomberg;federal reserve;nike inc;tesla inc;bloomberg television;nasdaq;bonds,"-1.14503816793893,1.78117048346056,2.92620865139949,4.70737913486005,22.64631043257,1.27226463104326",swissinfo.ch,https://www.swissinfo.ch/eng/asia-set-for-cautious-open-ahead-of-us-payrolls:-markets-wrap/89622117,2024-07-11,-1.14503816793893,2024,7,Thursday,Negative,1.14503816793893,True,False,28,3,2024-07-11,-0.0833420057098275,-0.0492880590074257
1,TAX_FNCACT;TAX_FNCACT_INVESTOR;MANMADE_DISASTER_IMPLIED;TAX_FNCACT_PRODUCER;TAX_FNCACT_INSIDERS;TAX_FNCACT_DIRECTOR;EPU_ECONOMY_HISTORIC;TAX_ECON_PRICE;WB_698_TRADE;EPU_CATS_REGULATION;EPU_CATS_FINANCIAL_REGULATION;AFFECT;TAX_FNCACT_ANALYST;TAX_FNCACT_ANALYSTS;WB_135_TRANSPORT;WB_1174_WAREHOUSING_AND_STORAGE;WB_793_TRANSPORT_AND_LOGISTICS_SERVICES;EPU_POLICY;EPU_POLICY_REGULATORY;WB_1973_FINANCIAL_RISK_REDUCTION;WB_435_AGRICULTURE_AND_FOOD_SECURITY;WB_337_INSURANCE;WB_1967_AGRICULTURAL_RISK_AND_SECURITY;TAX_FNCACT_INSIDER;CORRUPTION;,northern trust corp;mainstream capital management;holdings channel;vanguard group inc;norges bank;tesla company profile;united states;barclays;energy generation;glj research;geode capital management;tesla inc;nasdaq,"1.71171171171171,1.98198198198198,0.27027027027027,2.25225225225225,19.5495495495495,0",tickerreport.com,https://www.tickerreport.com/banking-finance/13034546/mainstream-capital-management-llc-has-1-32-million-stock-position-in-tesla-inc-nasdaqtsla.html,2024-07-12,1.71171171171171,2024,7,Friday,Positive,1.71171171171171,False,True,28,3,2024-07-12,-0.13260537116856605,0.09746192188583562
1,MANMADE_DISASTER_IMPLIED;TAX_FNCACT;TAX_FNCACT_PRODUCER;TAX_WORLDLANGUAGES;TAX_WORLDLANGUAGES_MASSACHUSETTS;TAX_FNCACT_ANALYST;TAX_ECON_PRICE;TAX_DISEASE;TAX_DISEASE_OVERWEIGHT;WB_1406_DISEASES;WB_1435_OBESITY;WB_621_HEALTH_NUTRITION_AND_POPULATION;WB_1427_NON_COMMUNICABLE_DISEASE_AND_INJURY;TAX_FNCACT_ANALYSTS;AFFECT;EPU_ECONOMY_HISTORIC;TAX_FNCACT_INSIDER;LEADER;TAX_FNCACT_PRESIDENT;USPEC_POLITICS_GENERAL1;TAX_FNCACT_VICE_PRESIDENT;TAX_FNCACT_SENIOR_VICE_PRESIDENT;WB_698_TRADE;EPU_CATS_REGULATION;EPU_CATS_FINANCIAL_REGULATION;TAX_FNCACT_DIRECTOR;TAX_FNCACT_INSIDERS;WB_135_TRANSPORT;WB_1174_WAREHOUSING_AND_STORAGE;WB_793_TRANSPORT_AND_LOGISTICS_SERVICES;EPU_POLICY;EPU_POLICY_REGULATORY;WB_1973_FINANCIAL_RISK_REDUCTION;WB_435_AGRICULTURE_AND_FOOD_SECURITY;WB_337_INSURANCE;WB_1967_AGRICULTURAL_RISK_AND_SECURITY;CORRUPTION;,exchange commission;norges bank;northern trust corp;securities exchange commission;tesla inc;energy generation;glj research;massachusetts financial services co;morgan stanley;united states;needham company;krane funds advisors;nasdaq,"1.6057091882248,2.05173951828724,0.446030330062444,2.49776984834969,19.9821587867975,0",tickerreport.com,https://www.tickerreport.com/banking-finance/13034458/krane-funds-advisors-llc-has-2-95-million-stock-holdings-in-tesla-inc-nasdaqtsla.html,2024-07-13,1.6057091882248,2024,7,Saturday,Positive,1.6057091882248,False,True,28,3,2024-07-13,0.29642673114216395,0.21348094237344825
1,MANMADE_DISASTER_IMPLIED;TAX_FNCACT;TAX_FNCACT_ANALYSTS;WB_368_LEASING;ARMEDCONFLICT;EPU_CATS_NATIONAL_SECURITY;EXTREMISM;LEADER;TAX_FNCACT_LAWMAKERS;USPEC_POLITICS_GENERAL1;EPU_POLICY;EPU_POLICY_LAWMAKERS;WB_678_DIGITAL_GOVERNMENT;WB_694_BROADCAST_AND_MEDIA;WB_133_INFORMATION_AND_COMMUNICATION_TECHNOLOGIES;CORRUPTION;WB_2019_ANTI_CORRUPTION_LEGISLATION;WB_696_PUBLIC_SECTOR_MANAGEMENT;WB_831_GOVERNANCE;WB_832_ANTI_CORRUPTION;WB_2020_BRIBERY_FRAUD_AND_COLLUSION;GENERAL_GOVERNMENT;EPU_POLICY_GOVERNMENT;TAX_ECON_PRICE;EPU_POLICY_REGULATORY;WB_168_ROADS_AND_HIGHWAYS;WB_135_TRANSPORT;WB_1809_HIGHWAYS;WB_1803_TRANSPORT_INFRASTRUCTURE;WB_1174_WAREHOUSING_AND_STORAGE;WB_793_TRANSPORT_AND_LOGISTICS_SERVICES;UNGP_FORESTS_RIVERS_OCEANS;TAX_FNCACT_PILOT;EPU_ECONOMY_HISTORIC;ECON_STOCKMARKET;DELAY;USPEC_UNCERTAINTY1;WB_2670_JOBS;WB_2769_JOBS_STRATEGIES;WB_2840_INTEGRATION;WB_2836_MIGRATION_POLICIES_AND_JOBS;,u s senate;tesla energy;goldman sachs,"0.452781371280725,2.13454075032342,1.68175937904269,3.81630012936611,21.0219922380336,2.45795601552393",zerohedge.com,https://www.zerohedge.com/markets/goldman-finds-net-purchase-intent-tesla-begins-recovery,2024-07-14,0.452781371280725,2024,7,Sunday,Positive,0.452781371280725,False,True,28,3,2024-07-14,0.6690936742557104,0.23057383015253946
1,TAX_FNCACT;TAX_FNCACT_CEO;TAX_ETHNICITY;TAX_ETHNICITY_CHINESE;TAX_WORLDLANGUAGES;TAX_WORLDLANGUAGES_CHINESE;TAX_ECON_PRICE;ARMEDCONFLICT;EPU_CATS_NATIONAL_SECURITY;TAX_FNCACT_AUTHORITIES;CRISISLEX_CRISISLEXREC;EPU_POLICY;EPU_POLICY_AUTHORITIES;,reuters;tesla inc;nio inc;xiaomi corp,"-1.34529147982063,1.34529147982063,2.69058295964126,4.03587443946188,16.1434977578475,0",benzinga.com,https://www.benzinga.com/markets/asia/25/07/46241878/tesla-rival-xiaomi-wants-to-sell-cars-internationally-starting-2027-ceo-lei-jun-says,2024-07-15,-1.34529147982063,2024,7,Monday,Negative,1.34529147982063,True,False,29,3,2024-07-15,0.4224355287658778,0.12551614282099482
1,EPU_ECONOMY_HISTORIC;ECON_STOCKMARKET;WB_698_TRADE;WB_135_TRANSPORT;EPU_ECONOMY;UNGP_FORESTS_RIVERS_OCEANS;ECON_WORLDCURRENCIES;ECON_WORLDCURRENCIES_DOLLAR;WB_1174_WAREHOUSING_AND_STORAGE;WB_793_TRANSPORT_AND_LOGISTICS_SERVICES;EPU_POLICY;EPU_POLICY_REGULATORY;WB_1973_FINANCIAL_RISK_REDUCTION;WB_435_AGRICULTURE_AND_FOOD_SECURITY;WB_337_INSURANCE;WB_1967_AGRICULTURAL_RISK_AND_SECURITY;,broadcom inc;micron technology;micron technology inc;energy generation;tesla inc;broadcom;infrastructure software;semiconductor solutions;united states;nasdaq,"-0.147492625368731,0.884955752212389,1.03244837758112,1.91740412979351,14.306784660767,0",tickerreport.com,https://www.tickerreport.com/banking-finance/13034509/industrial-stocks-to-keep-an-eye-on-june-30th.html,2024-07-16,-0.147492625368731,2024,7,Tuesday,Negative,0.147492625368731,True,False,29,3,2024-07-16,0.10261447473438626,0.10845309480913695
1,,tesla inc,"1.72043010752688,3.44086021505376,1.72043010752688,5.16129032258065,21.505376344086,0.21505376344086",benzinga.com,https://www.benzinga.com/markets/tech/25/07/46239998/dan-ives-hails-teslas-better-than-expected-q2-deliveries-says-fireworks-come-early-for-elon-musk-led,2024-07-17,1.72043010752688,2024,7,Wednesday,Positive,1.72043010752688,False,True,29,3,2024-07-17,0.4075443008022605,0.20327527202782772
1,PROTEST;ECON_STOCKMARKET;ENV_NATURALGAS;WB_286_TELECOMMUNICATIONS_AND_BROADBAND_ACCESS;WB_133_INFORMATION_AND_COMMUNICATION_TECHNOLOGIES;ECON_MONOPOLY;ECON_WORLDCURRENCIES;ECON_WORLDCURRENCIES_DOLLAR;WB_698_TRADE;WB_135_TRANSPORT;WB_1174_WAREHOUSING_AND_STORAGE;WB_793_TRANSPORT_AND_LOGISTICS_SERVICES;EPU_POLICY;EPU_POLICY_REGULATORY;WB_1973_FINANCIAL_RISK_REDUCTION;WB_435_AGRICULTURE_AND_FOOD_SECURITY;WB_337_INSURANCE;WB_1967_AGRICULTURAL_RISK_AND_SECURITY;GENERAL_HEALTH;MEDICAL;WB_625_HEALTH_ECONOMICS_AND_FINANCE;WB_621_HEALTH_NUTRITION_AND_POPULATION;WB_1287_HEALTH_INSURANCE;EPU_CATS_HEALTHCARE;WB_1803_TRANSPORT_INFRASTRUCTURE;WB_166_RAILWAYS;ENV_HYDRO;ENV_GEOTHERMAL;WB_539_OIL_AND_GAS_POLICY_STRATEGY_AND_INSTITUTIONS;WB_507_ENERGY_AND_EXTRACTIVES;WB_549_OIL_AND_GAS_SYSTEMS;WB_544_MID_AND_DOWNSTREAM_OIL_AND_GAS;WB_2291_OIL_AND_GAS_DISTRIBUTION;WB_551_GAS_TRANSPORTATION_STORAGE_AND_DISTRIBUTION;WB_2299_PIPELINES;WB_548_PPP_IN_OIL_AND_GAS;WB_1751_LIQUEFIED_NATURAL_GAS;ENV_COAL;WB_1698_COAL_MINING;WB_895_MINING_SYSTEMS;EPU_ECONOMY_HISTORIC;TAX_ECON_PRICE;ECON_BITCOIN;UNGP_FORESTS_RIVERS_OCEANS;TAX_FNCACT;TAX_FNCACT_MINERS;,ford motor company;tesla inc;ford motor;data center;berkshire hathaway inc;riot platforms inc;hewlett packard enterprise company;berkshire hathaway;financial services;energy generation;united states,"0,1.59474671669794,1.59474671669794,3.18949343339587,17.4484052532833,0",tickerreport.com,https://www.tickerreport.com/banking-finance/13034508/best-utility-stocks-to-keep-an-eye-on-june-30th.html,2024-07-18,0.0,2024,7,Thursday,Negative,0.0,False,False,29,3,2024-07-18,0.5711211819363935,0.19198220135961508
1,TAX_FNCACT;TAX_FNCACT_CEO;CRISISLEX_C07_SAFETY;EPU_POLICY;EPU_POLICY_WHITE_HOUSE;LEADER;TAX_FNCACT_PRESIDENT;USPEC_POLITICS_GENERAL1;ARMEDCONFLICT;MANMADE_DISASTER_IMPLIED;MEDIA_SOCIAL;TAX_FNCACT_FOUNDER;TAX_FNCACT_OFFICIAL;TAX_FNCACT_PILOTS;TAX_FNCACT_INSIDERS;MOVEMENT_GENERAL;TAX_ETHNICITY;TAX_ETHNICITY_AMERICAN;ECON_TAXATION;USPEC_POLICY1;EPU_POLICY_TAX;EPU_CATS_TAXES;CRISISLEX_CRISISLEXREC;RELATIONS;ECON_STOCKMARKET;,meta platforms inc;facebook;white house;oval office;tesla inc;new york post;digital services tax,"-1.99335548172757,0.996677740863787,2.99003322259136,3.98671096345515,20.265780730897,0.332225913621262",benzinga.com,https://www.benzinga.com/markets/tech/25/07/46239684/mark-zuckerberg-reportedly-crashes-donald-trumps-oval-office-f-47-jet-briefing-asked-to-leave-white-,2024-07-19,-1.99335548172757,2024,7,Friday,Negative,1.99335548172757,True,False,29,3,2024-07-19,0.04182586858792482,0.07696442856555269
1,WB_135_TRANSPORT;,tesla inc;motor transport authority,"-2.63157894736842,0,2.63157894736842,2.63157894736842,13.1578947368421,0",biztoc.com,https://biztoc.com/x/f683454bfa74451d,2024-07-20,-2.63157894736842,2024,7,Saturday,Very Negative,2.63157894736842,True,False,29,3,2024-07-20,-0.5635010079253923,-0.058462740231145935
1,ECON_STOCKMARKET;LEADER;TAX_FNCACT;TAX_FNCACT_PRESIDENT;USPEC_POLITICS_GENERAL1;WB_698_TRADE;TAX_ETHNICITY;TAX_ETHNICITY_ASIAN;WB_696_PUBLIC_SECTOR_MANAGEMENT;WB_713_PUBLIC_FINANCE;WB_1045_TREASURY;TAX_FNCACT_CHANCELLOR;ECON_TAXATION;USPEC_POLICY1;EPU_POLICY;EPU_POLICY_TAX;EPU_CATS_TAXES;EPU_POLICY_SPENDING;LEGISLATION;TAX_FNCACT_TRADERS;EPU_UNCERTAINTY;WB_2670_JOBS;WB_1467_EDUCATION_FOR_ALL;WB_470_EDUCATION;WB_2131_EMPLOYABILITY_SKILLS_AND_JOBS;WB_1484_EDUCATION_SKILLS_DEVELOPMENT_AND_LABOR_MARKET;ECON_INTEREST_RATES;EPU_POLICY_INTEREST_RATES;EPU_CATS_MONETARY_POLICY;WB_2936_GOLD;WB_507_ENERGY_AND_EXTRACTIVES;WB_895_MINING_SYSTEMS;WB_1699_METAL_ORE_MINING;ENV_OIL;ECON_WORLDCURRENCIES;ECON_WORLDCURRENCIES_DOLLAR;MEDIA_MSM;GEN_HOLIDAY;EPU_ECONOMY;EPU_ECONOMY_HISTORIC;WB_2745_JOB_QUALITY_AND_LABOR_MARKET_PERFORMANCE;WB_2689_JOBS_DIAGNOSTICS;WB_2748_EMPLOYMENT;EPU_POLICY_FEDERAL_RESERVE;WB_855_LABOR_MARKETS;WB_697_SOCIAL_PROTECTION_AND_LABOR;EPU_POLICY_POLICYMAKERS;ECON_INFLATION;WB_1104_MACROECONOMIC_VULNERABILITY_AND_DEBT;WB_442_INFLATION;CRISISLEX_C03_WELLBEING_HEALTH;WB_439_MACROECONOMIC_AND_STRUCTURAL_POLICIES;WB_829_FISCAL_DECENTRALIZATION;WB_874_LOCAL_FINANCE;WB_877_ASSET_MANAGEMENT;WB_445_FISCAL_POLICY;TAX_WORLDFISH;TAX_WORLDFISH_ROACH;TAX_FNCACT_INVESTOR;WB_1920_FINANCIAL_SECTOR_DEVELOPMENT;WB_332_CAPITAL_MARKETS;INFRASTRUCTURE_BAD_ROADS;CRISISLEX_C04_LOGISTICS_TRANSPORT;UNGP_TRANSPORTATION_ROADS;ECON_WORLDCURRENCIES_EURO;TAX_ETHNICITY_JAPANESE;TAX_WORLDLANGUAGES;TAX_WORLDLANGUAGES_JAPANESE;ECON_WORLDCURRENCIES_YEN;ECON_WORLDCURRENCIES_JAPANESE_YEN;ECON_WORLDCURRENCIES_YUAN;TAX_ETHNICITY_AUSTRALIAN;ECON_WORLDCURRENCIES_AUSTRALIAN_DOLLAR;ECON_BITCOIN;ECON_OILPRICE;TECH_AUTOMATION;,nasdaq;tesla inc;nike inc;bloomberg television;bloomberg;federal reserve;research on,"-1.77935943060498,1.54211150652432,3.3214709371293,4.86358244365362,23.0130486358244,1.54211150652432",swissinfo.ch,https://www.swissinfo.ch/eng/stocks-touch-record-as-trade-deal-boosts-sentiment:-markets-wrap/89622117,2024-07-21,-1.77935943060498,2024,7,Sunday,Negative,1.77935943060498,True,False,29,3,2024-07-21,-0.8823782653376359,-0.14041020167751897
1,ECON_STOCKMARKET;WB_2670_JOBS;WB_1467_EDUCATION_FOR_ALL;WB_470_EDUCATION;WB_2131_EMPLOYABILITY_SKILLS_AND_JOBS;WB_1484_EDUCATION_SKILLS_DEVELOPMENT_AND_LABOR_MARKET;USPEC_POLICY1;EPU_ECONOMY;EPU_ECONOMY_HISTORIC;GEN_HOLIDAY;USPEC_POLITICS_GENERAL1;UNEMPLOYMENT;WB_2745_JOB_QUALITY_AND_LABOR_MARKET_PERFORMANCE;WB_2689_JOBS_DIAGNOSTICS;WB_2747_UNEMPLOYMENT;UNGP_JOB_OPPORTUNITIES_EMPLOYMENT;TAX_FNCACT;TAX_FNCACT_INVESTOR;WB_855_LABOR_MARKETS;WB_697_SOCIAL_PROTECTION_AND_LABOR;ECON_INTEREST_RATES;EPU_POLICY;EPU_POLICY_INTEREST_RATE;EPU_POLICY_FEDERAL_RESERVE;EPU_CATS_MONETARY_POLICY;TAX_FNCACT_OFFICIALS;EPU_POLICY_POLICY;EPU_UNCERTAINTY;TAX_POLITICAL_PARTY;TAX_POLITICAL_PARTY_REPUBLICANS;GENERAL_GOVERNMENT;EPU_POLICY_CONGRESS;WB_2203_HUMAN_RIGHTS;WB_2482_RECONCILIATION;WB_2519_RESPONSES_TO_HUMAN_RIGHTS_ABUSES;WB_2432_FRAGILITY_CONFLICT_AND_VIOLENCE;LEADER;TAX_FNCACT_PRESIDENT;TAX_FNCACT_ANALYSTS;EPU_POLICY_BUDGET;WB_471_ECONOMIC_GROWTH;EPU_POLICY_CONGRESSIONAL;EPU_POLICY_DEFICIT;ECON_TAXATION;EPU_POLICY_TAX;EPU_CATS_TAXES;EPU_POLICY_SPENDING;WB_1291_PUBLIC_HEALTH_INSURANCE;WB_625_HEALTH_ECONOMICS_AND_FINANCE;WB_621_HEALTH_NUTRITION_AND_POPULATION;WB_1287_HEALTH_INSURANCE;EPU_CATS_HEALTHCARE;EPU_CATS_ENTITLEMENT_PROGRAMS;ENV_GREEN;ECON_SUBSIDIES;WB_1948_SUBSIDIES;WB_695_POVERTY;WB_706_EVIDENCE_BASED_POLICY;WB_1627_ENERGY_SUBSIDIES;WB_1623_PRICE_SUBSIDIES;WB_1466_SOCIAL_ASSISTANCE;WB_698_TRADE;EPU_POLICY_GOVERNMENT;EPU_CATS_FISCAL_POLICY;MANMADE_DISASTER_IMPLIED;WB_2433_CONFLICT_AND_VIOLENCE;WB_2465_REVOLUTIONARY_VIOLENCE;WB_2462_POLITICAL_VIOLENCE_AND_WAR;TAX_FNCACT_CHILDREN;TAX_FNCACT_DIRECTOR;TAX_FNCACT_RESEARCH_DIRECTOR;TAX_FNCACT_DRIVER;EDUCATION;EPU_POLICY_WHITE_HOUSE;WB_2142_LOCAL_GOVERNMENT;WB_1502_EDUCATIONAL_DECENTRALIZATION;WB_1497_EDUCATION_MANAGEMENT_AND_ADMINISTRATION;CRISISLEX_T11_UPDATESSYMPATHY;WB_2748_EMPLOYMENT;UNGP_FORESTS_RIVERS_OCEANS;TAX_FNCACT_CHIEF;TAX_MILITARY_TITLE;TAX_MILITARY_TITLE_OFFICER;TAX_FNCACT_OFFICER;WB_439_MACROECONOMIC_AND_STRUCTURAL_POLICIES;WB_829_FISCAL_DECENTRALIZATION;WB_874_LOCAL_FINANCE;WB_877_ASSET_MANAGEMENT;WB_445_FISCAL_POLICY;MEDICAL;WB_2769_JOBS_STRATEGIES;WB_701_JOBS_AND_POVERTY;WB_1170_JOB_CREATION_AND_JOB_OPPORTUNITIES;TAX_WORLDFISH;TAX_WORLDFISH_ROACH;TAX_FNCACT_ECONOMIST;TAX_FNCACT_WORKERS;NEGOTIATIONS;TAX_ETHNICITY;TAX_ETHNICITY_RUSSIAN;TAX_WORLDLANGUAGES;TAX_WORLDLANGUAGES_RUSSIAN;TAX_FNCACT_ANALYST;WB_856_WAGES;WB_1654_ACTIVE_LABOR_MARKET_POLICIES;ECON_INFLATION;WB_444_MONETARY_POLICY;EPU_POLICY_MONETARY_POLICY;WB_1104_MACROECONOMIC_VULNERABILITY_AND_DEBT;WB_442_INFLATION;GOV_LOCALGOV;WB_2750_LABOR_FORCE;TAX_FNCACT_UNEMPLOYED;TAX_FNCACT_OFFICIAL;WB_696_PUBLIC_SECTOR_MANAGEMENT;WB_713_PUBLIC_FINANCE;WB_1045_TREASURY;ECON_WORLDCURRENCIES;ECON_WORLDCURRENCIES_DOLLAR;ECON_WORLDCURRENCIES_EURO;ECON_WORLDCURRENCIES_YEN;TAX_FNCACT_TRADERS;USPEC_UNCERTAINTY1;TAX_FNCACT_REPRESENTATIVES;ARMEDCONFLICT;REBELLION;REBELS;TAX_POLITICAL_PARTY_REPUBLICAN;TAX_POLITICAL_PARTY_REPUBLICAN_PARTY;,microsoft corp;wells fargo;palantir technologies inc;white house;nvidia corp;meta platforms inc;federal reserve;oracle;dow jones;nvidia;nasdaq;tesla inc;microsoft;while the senate;congressional budget office;republicans in congress,"-1.90336749633968,1.95217179111762,3.8555392874573,5.80771107857491,22.0107369448511,0.536847242557345",proactiveinvestors.com,https://www.proactiveinvestors.com/companies/news/1074079/s-p-500-nasdaq-notch-new-records-as-wall-street-heads-into-long-weekend-in-celebratory-mood-1074079.html,2024-07-22,-1.90336749633968,2024,7,Monday,Negative,1.90336749633968,True,False,30,3,2024-07-22,-0.962103410554643,-0.22054462416216267
1,TAX_FNCACT;TAX_FNCACT_CEO;EPU_POLICY;EPU_POLICY_POLITICAL;USPEC_POLITICS_GENERAL1;ECON_ENTREPRENEURSHIP;TAX_ETHNICITY;TAX_ETHNICITY_AMERICANS;TAX_FNCACT_EMPLOYEES;EPU_ECONOMY_HISTORIC;TAX_FNCACT_FOUNDER;WB_696_PUBLIC_SECTOR_MANAGEMENT;WB_2048_COMPENSATION_CAREERS_AND_INCENTIVES;WB_723_PUBLIC_ADMINISTRATION;WB_724_HUMAN_RESOURCES_FOR_PUBLIC_SECTOR;WB_2089_ETHICS_AND_CODES_OF_CONDUCT;TAX_WORLDFISH;TAX_WORLDFISH_SHARK;ECON_STOCKMARKET;UNGP_FORESTS_RIVERS_OCEANS;WB_678_DIGITAL_GOVERNMENT;WB_694_BROADCAST_AND_MEDIA;WB_133_INFORMATION_AND_COMMUNICATION_TECHNOLOGIES;MEDIA_SOCIAL;WB_652_ICT_APPLICATIONS;WB_662_SOCIAL_MEDIA;WB_658_ENTERPRISE_APPLICATIONS;USPEC_UNCERTAINTY1;WB_1458_HEALTH_PROMOTION_AND_DISEASE_PREVENTION;WB_1462_WATER_SANITATION_AND_HYGIENE;WB_635_PUBLIC_HEALTH;WB_621_HEALTH_NUTRITION_AND_POPULATION;TAX_WORLDFISH_SHARKS;TAX_WORLDMAMMALS;TAX_WORLDMAMMALS_HUMAN;,dallas mavericks;nvidia;spacex;tesla inc,"4.15384615384615,5.53846153846154,1.38461538461538,6.92307692307692,21.6923076923077,0.615384615384615",benzinga.com,https://www.benzinga.com/personal-finance/entrepreneurship/25/07/46253166/mark-cuban-and-elon-musk-have-something-in-common-beyond-their-billions,2024-07-23,4.15384615384615,2024,7,Tuesday,Very Positive,4.15384615384615,False,True,30,3,2024-07-23,-0.34762644209537424,-0.030353720770496896
1,EPU_CATS_REGULATION;EPU_CATS_FINANCIAL_REGULATION;MANMADE_DISASTER_IMPLIED;TAX_FNCACT;TAX_FNCACT_PRODUCER;TAX_WORLDLANGUAGES;TAX_WORLDLANGUAGES_MASSACHUSETTS;TAX_FNCACT_INSIDER;TAX_FNCACT_DIRECTOR;TAX_ECON_PRICE;WB_698_TRADE;TAX_FNCACT_INSIDERS;AFFECT;EPU_ECONOMY_HISTORIC;TAX_FNCACT_ANALYST;TAX_FNCACT_ANALYSTS;TAX_DISEASE;TAX_DISEASE_OVERWEIGHT;WB_1406_DISEASES;WB_1435_OBESITY;WB_621_HEALTH_NUTRITION_AND_POPULATION;WB_1427_NON_COMMUNICABLE_DISEASE_AND_INJURY;WB_135_TRANSPORT;WB_1174_WAREHOUSING_AND_STORAGE;WB_793_TRANSPORT_AND_LOGISTICS_SERVICES;EPU_POLICY;EPU_POLICY_REGULATORY;WB_1973_FINANCIAL_RISK_REDUCTION;WB_435_AGRICULTURE_AND_FOOD_SECURITY;WB_337_INSURANCE;WB_1967_AGRICULTURAL_RISK_AND_SECURITY;CORRUPTION;,norges bank;tlw wealth management;energy generation;securities exchange commission;cantor fitzgerald;northern trust corp;nasdaq;massachusetts financial services co;tesla inc;united states;tesla company profile;wealth management,"1.67400881057269,2.20264317180617,0.52863436123348,2.73127753303965,18.3259911894273,0",themarketsdaily.com,https://www.themarketsdaily.com/2025/07/03/tesla-inc-nasdaqtsla-shares-bought-by-tlw-wealth-management-llc.html,2024-07-24,1.67400881057269,2024,7,Wednesday,Positive,1.67400881057269,False,True,30,3,2024-07-24,-0.35425805594597287,0.04066138470213589
1,,linkedin;youtube;tesla media center,"-0.498575498575498,2.99145299145299,3.49002849002849,6.48148148148148,21.7948717948718,1.06837606837607",torquenews.com,https://www.torquenews.com/17998/my-tesla-model-3-needed-17-charging-stops-tow-motorcycle-1700-miles-same-trip-only-needed-8,2024-07-25,-0.498575498575498,2024,7,Thursday,Negative,0.498575498575498,True,False,30,3,2024-07-25,-0.4254831271710441,0.019091909371030537
1,LEGISLATION;EPU_POLICY;EPU_POLICY_LAW;WB_845_LEGAL_AND_REGULATORY_FRAMEWORK;WB_696_PUBLIC_SECTOR_MANAGEMENT;WB_969_CAPITAL_MARKETS_LAW_AND_REGULATION;WB_853_FINANCIAL_LAWS_AND_REGULATIONS;TRIAL;TAX_FNCACT;TAX_FNCACT_EXECUTIVES;APPOINTMENT;CORRUPTION;WB_2019_ANTI_CORRUPTION_LEGISLATION;WB_831_GOVERNANCE;WB_832_ANTI_CORRUPTION;WB_2020_BRIBERY_FRAUD_AND_COLLUSION;GENERAL_HEALTH;MEDICAL;CRISISLEX_C03_WELLBEING_HEALTH;WB_1331_HEALTH_TECHNOLOGIES;WB_621_HEALTH_NUTRITION_AND_POPULATION;WB_1362_MEDICAL_EQUIPMENT;WB_698_TRADE;TAX_DISEASE;TAX_DISEASE_TRANSITIONAL;TAX_ECON_PRICE;ECON_STOCKMARKET;WB_962_INTERNATIONAL_LAW;TAX_FNCACT_ATTORNEYS;TAX_FNCACT_DIRECTORS;WB_1350_PHARMACEUTICALS;TAX_FNCACT_ATTORNEY;,securities exchange;tesla inc;u s district court;why bleichmar fonti auld;fortrea holdings inc;nasdaq;bleichmar fonti auld;news network;labcorp holdings inc,"-0.145348837209302,2.32558139534884,2.47093023255814,4.79651162790698,18.8953488372093,1.01744186046512",pr-inside.com,https://www.pr-inside.com/ftre-class-action-alert-fortrea-holdings-inc-shareholders-with-losses-r5117388.htm,2024-07-26,-0.145348837209302,2024,7,Friday,Negative,0.145348837209302,True,False,30,3,2024-07-26,-0.1614821779541486,0.012767265271786975
1,LEGISLATION;EPU_POLICY;EPU_POLICY_LAW;WB_845_LEGAL_AND_REGULATORY_FRAMEWORK;WB_696_PUBLIC_SECTOR_MANAGEMENT;WB_969_CAPITAL_MARKETS_LAW_AND_REGULATION;WB_853_FINANCIAL_LAWS_AND_REGULATIONS;TRIAL;TAX_FNCACT;TAX_FNCACT_EXECUTIVES;APPOINTMENT;CORRUPTION;WB_2019_ANTI_CORRUPTION_LEGISLATION;WB_831_GOVERNANCE;WB_832_ANTI_CORRUPTION;WB_2020_BRIBERY_FRAUD_AND_COLLUSION;TAX_DISEASE;TAX_DISEASE_MELANOMA;TAX_DISEASE_TUMOR;WB_1406_DISEASES;WB_1431_CANCER;WB_621_HEALTH_NUTRITION_AND_POPULATION;WB_1427_NON_COMMUNICABLE_DISEASE_AND_INJURY;MEDICAL;TAX_FNCACT_DRIVER;CRISISLEX_C03_WELLBEING_HEALTH;ECON_STOCKMARKET;TAX_ECON_PRICE;WB_962_INTERNATIONAL_LAW;TAX_FNCACT_ATTORNEYS;TAX_FNCACT_DIRECTORS;WB_1331_HEALTH_TECHNOLOGIES;WB_1350_PHARMACEUTICALS;TAX_FNCACT_ATTORNEY;,why bleichmar fonti auld;bleichmar fonti auld;nasdaq;tesla inc;news network;u s district court;iovance biotherapeutics inc;securities exchange,"-2.18855218855219,1.51515151515152,3.7037037037037,5.21885521885522,17.6767676767677,1.17845117845118",pr-inside.com,https://www.pr-inside.com/iova-class-action-alert-iovance-biotherapeutics-shareholders-with-r5117391.htm,2024-07-27,-2.18855218855219,2024,7,Saturday,Very Negative,2.18855218855219,True,False,30,3,2024-07-27,-0.09819264098040145,-0.0687630848698418
1,TAX_FNCACT;TAX_FNCACT_LEADER;TAX_FNCACT_INVESTOR;DELAY;USPEC_UNCERTAINTY1;CRISISLEX_C07_SAFETY;EPU_POLICY;EPU_POLICY_REGULATORY;ECON_STOCKMARKET;TAX_FNCACT_ANALYSTS;EPU_CATS_MIGRATION_FEAR_FEAR;UNGP_FORESTS_RIVERS_OCEANS;TAX_ECON_PRICE;SCIENCE;SOC_INNOVATION;EPU_ECONOMY_HISTORIC;USPEC_POLICY1;EPU_UNCERTAINTY;GENERAL_GOVERNMENT;EPU_POLICY_GOVERNMENT;WB_696_PUBLIC_SECTOR_MANAGEMENT;WB_2048_COMPENSATION_CAREERS_AND_INCENTIVES;WB_723_PUBLIC_ADMINISTRATION;WB_724_HUMAN_RESOURCES_FOR_PUBLIC_SECTOR;TAX_FNCACT_DRIVER;EPU_POLICY_POLITICAL;ECON_TAXATION;EPU_POLICY_TAX;EPU_CATS_TAXES;WB_1921_PRIVATE_SECTOR_DEVELOPMENT;WB_382_TAX_CREDITS_AND_DIRECT_SUBSIDIES;WB_376_INNOVATION_TECHNOLOGY_AND_ENTREPRENEURSHIP;WB_377_FIRM_INNOVATION_PRODUCTIVITY_AND_GROWTH;WB_380_FUNDING_INNOVATION;TAX_FNCACT_PIONEER;,tesla inc,"-3.85395537525355,3.85395537525355,7.7079107505071,11.5618661257606,21.7038539553753,0",webpronews.com,https://www.webpronews.com/tesla-sales-drop-as-competition-and-delays-mount/,2024-07-28,-3.85395537525355,2024,7,Sunday,Very Negative,3.85395537525355,True,False,30,3,2024-07-28,-0.39456349021591147,-0.2039485238121171
1,TAX_FNCACT;TAX_FNCACT_PHYSICIAN;TAX_FNCACT_INVESTOR;MANMADE_DISASTER_IMPLIED;TAX_FNCACT_PRODUCER;TAX_WORLDLANGUAGES;TAX_WORLDLANGUAGES_MASSACHUSETTS;WB_698_TRADE;AFFECT;TAX_FNCACT_ANALYST;TAX_FNCACT_ANALYSTS;TAX_FNCACT_INSIDER;TAX_ECON_PRICE;LEADER;TAX_FNCACT_PRESIDENT;USPEC_POLITICS_GENERAL1;TAX_FNCACT_VICE_PRESIDENT;TAX_FNCACT_SENIOR_VICE_PRESIDENT;EPU_CATS_REGULATION;EPU_CATS_FINANCIAL_REGULATION;TAX_FNCACT_DIRECTOR;TAX_FNCACT_INSIDERS;WB_135_TRANSPORT;WB_1174_WAREHOUSING_AND_STORAGE;WB_793_TRANSPORT_AND_LOGISTICS_SERVICES;EPU_POLICY;EPU_POLICY_REGULATORY;WB_1973_FINANCIAL_RISK_REDUCTION;WB_435_AGRICULTURE_AND_FOOD_SECURITY;WB_337_INSURANCE;WB_1967_AGRICULTURAL_RISK_AND_SECURITY;CORRUPTION;,energy generation;massachusetts financial services co;united states;wells fargo company;northern trust corp;needham company;exchange commission;norges bank;tesla inc;nasdaq;physician wealth advisors inc;raymond james financial;glj research,"2.10237659963437,2.46800731261426,0.36563071297989,2.83363802559415,19.4698354661792,0",tickerreport.com,https://www.tickerreport.com/banking-finance/13034543/physician-wealth-advisors-inc-sells-65-shares-of-tesla-inc-nasdaqtsla.html,2024-07-29,2.10237659963437,2024,7,Monday,Very Positive,2.10237659963437,False,True,31,3,2024-07-29,0.17768566635181002,-0.1244200712794796
1,LEADER;TAX_FNCACT;TAX_FNCACT_PRESIDENT;USPEC_POLITICS_GENERAL1;GENERAL_GOVERNMENT;EPU_POLICY;EPU_POLICY_GOVERNMENT;TAX_FNCACT_FOUNDER;TAX_ETHNICITY;TAX_ETHNICITY_CHINESE;TAX_WORLDLANGUAGES;TAX_WORLDLANGUAGES_CHINESE;EPU_ECONOMY_HISTORIC;EPU_POLICY_REGULATORY;MANMADE_DISASTER_IMPLIED;TAX_FNCACT_COMMUNIST;WB_133_INFORMATION_AND_COMMUNICATION_TECHNOLOGIES;USPEC_POLICY1;DEMOCRACY;,pentagon office of the;senate republicans on;spacex;security agency;central committee;washington post;reuters;exchange commission;oval office;u s air force rocket cargo program;defense department office of inspector;new york times;urumqi tesla center;united states;services program;china kangfu international leasing co;people daily;chinese communist party;china central television;cyberspace administration of china;u s space force national security space;white house;twitter;national reconnaissance office,"-0.392071444129819,2.54846438684383,2.94053583097364,5.48900021781747,20.8015682857765,0.80592463515574",justthenews.com,https://justthenews.com/government/white-house/trump-threatens-musks-government-contracts-and-spacex-founders-china-ties,2024-07-30,-0.392071444129819,2024,7,Tuesday,Negative,0.392071444129819,True,False,31,3,2024-07-30,-0.47173113335904265,-0.13334178370782424
1,TAX_FNCACT;TAX_FNCACT_CEO;CRISISLEX_C07_SAFETY;EPU_POLICY;EPU_POLICY_WHITE_HOUSE;LEADER;TAX_FNCACT_PRESIDENT;USPEC_POLITICS_GENERAL1;ARMEDCONFLICT;MANMADE_DISASTER_IMPLIED;MEDIA_SOCIAL;TAX_FNCACT_FOUNDER;TAX_FNCACT_OFFICIAL;TAX_FNCACT_PILOTS;TAX_FNCACT_INSIDERS;MOVEMENT_GENERAL;TAX_ETHNICITY;TAX_ETHNICITY_AMERICAN;ECON_TAXATION;USPEC_POLICY1;EPU_POLICY_TAX;EPU_CATS_TAXES;CRISISLEX_CRISISLEXREC;RELATIONS;ECON_STOCKMARKET;,oval office;meta platforms inc;new york post;facebook;tesla inc;white house;digital services tax,"-1.99335548172757,0.996677740863787,2.99003322259136,3.98671096345515,20.265780730897,0.332225913621262",benzinga.com,https://www.benzinga.com/markets/tech/25/07/46239684/mark-zuckerberg-reportedly-crashes-donald-trumps-oval-office-f-47-jet-briefing-asked-to-leave-white-house-says-situation-mischaracterized,2024-07-31,-1.99335548172757,2024,7,Wednesday,Negative,1.99335548172757,True,False,31,3,2024-07-31,-0.9956403179733655,-0.11874968928458858
1,MANMADE_DISASTER_IMPLIED;,dodge;chrysler;united states;tesla motors;american international auto show;york international auto show in detroit;lotus,"1.03305785123967,3.09917355371901,2.06611570247934,5.16528925619835,20.7988980716253,0.275482093663912",carbuzz.com,https://carbuzz.com/dodge-also-wanted-to-build-an-ev-roadster-based-on-a-lotus/,2024-08-01,1.03305785123967,2024,8,Thursday,Positive,1.03305785123967,False,True,31,3,2024-08-01,-0.7768355537140559,-0.02389146685152391
1,NEW_CONSTRUCTION;GENERAL_GOVERNMENT;EPU_POLICY;EPU_POLICY_GOVERNMENT;GOV_LOCALGOV;WB_2142_LOCAL_GOVERNMENT;WB_1502_EDUCATIONAL_DECENTRALIZATION;WB_470_EDUCATION;WB_1497_EDUCATION_MANAGEMENT_AND_ADMINISTRATION;TAX_ETHNICITY;TAX_ETHNICITY_CHINESE;TAX_WORLDLANGUAGES;TAX_WORLDLANGUAGES_CHINESE;TAX_ECON_PRICE;ARMEDCONFLICT;EPU_CATS_NATIONAL_SECURITY;TAX_ETHNICITY_AMERICAN;TAX_FNCACT;TAX_FNCACT_MANUFACTURER;WB_2433_CONFLICT_AND_VIOLENCE;WB_2465_REVOLUTIONARY_VIOLENCE;WB_2432_FRAGILITY_CONFLICT_AND_VIOLENCE;WB_2462_POLITICAL_VIOLENCE_AND_WAR;EPU_ECONOMY_HISTORIC;SOC_POINTSOFINTEREST;SOC_POINTSOFINTEREST_HEADQUARTERS;TAX_FNCACT_CEO;WB_696_PUBLIC_SECTOR_MANAGEMENT;WB_2048_COMPENSATION_CAREERS_AND_INCENTIVES;WB_723_PUBLIC_ADMINISTRATION;WB_724_HUMAN_RESOURCES_FOR_PUBLIC_SECTOR;USPEC_POLICY1;TAX_WORLDLANGUAGES_RUSSIA;ECON_TAXATION;EPU_POLICY_TAX;EPU_CATS_TAXES;WB_1921_PRIVATE_SECTOR_DEVELOPMENT;WB_883_TAX_INCENTIVES;WB_405_BUSINESS_CLIMATE;WB_1285_BUSINESS_TAXATION;WB_2531_INSPECTIONS_LICENSING_AND_PERMITS;WB_2530_BUSINESS_ENVIRONMENT;UNGP_FORESTS_RIVERS_OCEANS;TAX_FNCACT_REPRESENTATIVES;LEADER;TAX_FNCACT_POLITICIANS;NATURAL_DISASTER;NATURAL_DISASTER_FLOODING;CRISISLEX_C06_WATER_SANITATION;TAX_WORLDMAMMALS;TAX_WORLDMAMMALS_DOLPHIN;UNGP_JOB_OPPORTUNITIES_WORKING_CONDITIONS;MEDIA_MSM;TAX_FNCACT_OFFICIALS;,united states;renault;reuters;tesla inc,"-0.253164556962025,2.78481012658228,3.0379746835443,5.82278481012658,17.3417721518987,0.253164556962025",carbuzz.com,https://carbuzz.com/china-knows-building-too-many-cars-wont-stop/,2024-08-02,-0.253164556962025,2024,8,Friday,Negative,0.253164556962025,True,False,31,3,2024-08-02,-0.7922377993930164,-0.1289486429048474
1,LEGISLATION;EPU_POLICY;EPU_POLICY_LAW;WB_845_LEGAL_AND_REGULATORY_FRAMEWORK;WB_696_PUBLIC_SECTOR_MANAGEMENT;WB_969_CAPITAL_MARKETS_LAW_AND_REGULATION;WB_853_FINANCIAL_LAWS_AND_REGULATIONS;TRIAL;GENERAL_HEALTH;MEDICAL;TAX_FNCACT;TAX_FNCACT_EXECUTIVES;APPOINTMENT;ECON_STOCKMARKET;CORRUPTION;WB_2019_ANTI_CORRUPTION_LEGISLATION;WB_831_GOVERNANCE;WB_832_ANTI_CORRUPTION;WB_2020_BRIBERY_FRAUD_AND_COLLUSION;WB_1973_FINANCIAL_RISK_REDUCTION;WB_435_AGRICULTURE_AND_FOOD_SECURITY;WB_337_INSURANCE;WB_1967_AGRICULTURAL_RISK_AND_SECURITY;WB_625_HEALTH_ECONOMICS_AND_FINANCE;WB_621_HEALTH_NUTRITION_AND_POPULATION;WB_1287_HEALTH_INSURANCE;EPU_CATS_HEALTHCARE;WB_1291_PUBLIC_HEALTH_INSURANCE;EPU_CATS_ENTITLEMENT_PROGRAMS;TAX_DISEASE;TAX_DISEASE_COVID;GENERAL_GOVERNMENT;EPU_POLICY_GOVERNMENT;TAX_ECON_PRICE;NEGOTIATIONS;CRISISLEX_C03_WELLBEING_HEALTH;WB_840_JUSTICE;WB_2473_DIPLOMACY_AND_NEGOTIATIONS;WB_939_NEGOTIATION;WB_2470_PEACE_OPERATIONS_AND_CONFLICT_MANAGEMENT;WB_936_ALTERNATIVE_DISPUTE_RESOLUTION;WB_2432_FRAGILITY_CONFLICT_AND_VIOLENCE;WB_843_DISPUTE_RESOLUTION;WB_2471_PEACEKEEPING;EPU_ECONOMY_HISTORIC;WB_962_INTERNATIONAL_LAW;TAX_FNCACT_ATTORNEYS;TAX_FNCACT_DIRECTORS;WB_1331_HEALTH_TECHNOLOGIES;WB_1350_PHARMACEUTICALS;TAX_FNCACT_ATTORNEY;,u s district court;tesla inc;elevance health inc;securities exchange;why bleichmar fonti auld;bleichmar fonti auld;news network,"0.151285930408472,2.57186081694402,2.42057488653555,4.99243570347958,16.4901664145235,1.0590015128593",pr-inside.com,https://www.pr-inside.com/elv-class-action-alert-elevance-health-inc-shareholders-with-losses-r5117387.htm,2024-08-03,0.151285930408472,2024,8,Saturday,Positive,0.151285930408472,False,True,31,3,2024-08-03,-0.4579752109700646,-0.17012183863877633
1,LEGISLATION;EPU_POLICY;EPU_POLICY_LAW;WB_845_LEGAL_AND_REGULATORY_FRAMEWORK;WB_696_PUBLIC_SECTOR_MANAGEMENT;WB_969_CAPITAL_MARKETS_LAW_AND_REGULATION;WB_853_FINANCIAL_LAWS_AND_REGULATIONS;TRIAL;TAX_FNCACT;TAX_FNCACT_EXECUTIVES;APPOINTMENT;CORRUPTION;WB_2019_ANTI_CORRUPTION_LEGISLATION;WB_831_GOVERNANCE;WB_832_ANTI_CORRUPTION;WB_2020_BRIBERY_FRAUD_AND_COLLUSION;MEDICAL;TAX_FNCACT_WOMEN;GENERAL_HEALTH;ECON_DEBT;WB_1104_MACROECONOMIC_VULNERABILITY_AND_DEBT;WB_450_DEBT;ECON_STOCKMARKET;TAX_FNCACT_CEO;TAX_FNCACT_CFO;TAX_ECON_PRICE;WB_962_INTERNATIONAL_LAW;TAX_FNCACT_ATTORNEYS;TAX_FNCACT_DIRECTORS;WB_1331_HEALTH_TECHNOLOGIES;WB_1350_PHARMACEUTICALS;WB_621_HEALTH_NUTRITION_AND_POPULATION;TAX_FNCACT_ATTORNEY;,securities exchange;organon co;tesla inc;u s district court;why bleichmar fonti auld;bleichmar fonti auld;news network,"-0.481540930979133,2.56821829855538,3.04975922953451,5.61797752808989,18.2985553772071,1.92616372391653",pr-inside.com,https://www.pr-inside.com/ogn-class-action-alert-organon-co-shareholders-with-losses-are-r5117392.htm,2024-08-04,-0.481540930979133,2024,8,Sunday,Negative,0.481540930979133,True,False,31,3,2024-08-04,0.023798281069137877,-0.2547250453355101
1,EPU_POLICY;EPU_POLICY_POLITICAL;USPEC_POLITICS_GENERAL1;TAX_FNCACT;TAX_FNCACT_INVESTOR;LEADER;TAX_FNCACT_PRESIDENT;ECON_TAXATION;USPEC_POLICY1;EPU_POLICY_TAX;EPU_CATS_TAXES;EPU_POLICY_SPENDING;LEGISLATION;EPU_POLICY_LAW;GENERAL_GOVERNMENT;EPU_POLICY_GOVERNMENT;EPU_CATS_FISCAL_POLICY;TAX_FNCACT_CHAMPION;EPU_POLICY_POLICY;SCIENCE;EDUCATION;TAX_FNCACT_PROFESSOR;SOC_POINTSOFINTEREST;SOC_POINTSOFINTEREST_UNIVERSITY;MOVEMENT_GENERAL;GRIEVANCES;WB_845_LEGAL_AND_REGULATORY_FRAMEWORK;WB_696_PUBLIC_SECTOR_MANAGEMENT;WB_853_FINANCIAL_LAWS_AND_REGULATIONS;ELECTION;TAX_POLITICAL_PARTY;TAX_POLITICAL_PARTY_NEW_NATIONAL_PARTY;EPU_ECONOMY_HISTORIC;WB_678_DIGITAL_GOVERNMENT;WB_694_BROADCAST_AND_MEDIA;WB_133_INFORMATION_AND_COMMUNICATION_TECHNOLOGIES;MEDIA_SOCIAL;WB_652_ICT_APPLICATIONS;WB_662_SOCIAL_MEDIA;WB_658_ENTERPRISE_APPLICATIONS;TAX_FNCACT_ANALYSTS;TAX_FNCACT_ANALYST;TAX_FNCACT_SUPPORTER;ECON_STOCKMARKET;EPU_POLICY_REGULATORY;ARMEDCONFLICT;MANMADE_DISASTER_IMPLIED;UNGP_CRIME_VIOLENCE;ECON_EARNINGSREPORT;,emory university;america party;a new political party amid tesla troubles;election commission,"-3.3003300330033,4.45544554455445,7.75577557755776,12.2112211221122,25.4125412541254,0.33003300330033",ibtimes.co.uk,https://www.ibtimes.co.uk/elon-musks-political-crusade-risks-sinking-tesla-america-party-plans-ignite-feud-trump-1737378,2024-08-05,-3.3003300330033,2024,8,Monday,Very Negative,3.3003300330033,True,False,32,3,2024-08-05,-0.748016952164815,-0.3181521955039431
1,TAX_FNCACT;TAX_FNCACT_INVESTOR;MANMADE_DISASTER_IMPLIED;TAX_FNCACT_PRODUCER;TAX_FNCACT_COUNSELORS;TAX_FNCACT_INSIDER;EPU_ECONOMY_HISTORIC;TAX_ECON_PRICE;LEADER;TAX_FNCACT_PRESIDENT;USPEC_POLITICS_GENERAL1;TAX_FNCACT_VICE_PRESIDENT;TAX_FNCACT_SENIOR_VICE_PRESIDENT;TAX_FNCACT_DIRECTOR;WB_698_TRADE;TAX_FNCACT_INSIDERS;TAX_FNCACT_ANALYST;TAX_DISEASE;TAX_DISEASE_OVERWEIGHT;WB_1406_DISEASES;WB_1435_OBESITY;WB_621_HEALTH_NUTRITION_AND_POPULATION;WB_1427_NON_COMMUNICABLE_DISEASE_AND_INJURY;TAX_FNCACT_ANALYSTS;AFFECT;WB_135_TRANSPORT;WB_1174_WAREHOUSING_AND_STORAGE;WB_793_TRANSPORT_AND_LOGISTICS_SERVICES;EPU_POLICY;EPU_POLICY_REGULATORY;WB_1973_FINANCIAL_RISK_REDUCTION;WB_435_AGRICULTURE_AND_FOOD_SECURITY;WB_337_INSURANCE;WB_1967_AGRICULTURAL_RISK_AND_SECURITY;CORRUPTION;,global strategic investment solutions;means investment;raymond james financial;susquehanna fundamental investments;financial network inc;cantor fitzgerald;needham company;holdings channel;nasdaq;tesla inc;securities exchange commission;energy generation;harvard management co;united states,"2.19047619047619,2.66666666666667,0.476190476190476,3.14285714285714,19.4285714285714,0",dailypolitical.com,https://www.dailypolitical.com/2025/07/03/tesla-inc-nasdaqtsla-shares-sold-by-global-strategic-investment-solutions-llc.html,2024-08-06,2.19047619047619,2024,8,Tuesday,Very Positive,2.19047619047619,False,True,32,3,2024-08-06,-0.37908157579252805,-0.17327341480426675
1,TAX_FNCACT;TAX_FNCACT_PHYSICIAN;EPU_CATS_REGULATION;EPU_CATS_FINANCIAL_REGULATION;MANMADE_DISASTER_IMPLIED;TAX_FNCACT_PRODUCER;TAX_WORLDLANGUAGES;TAX_WORLDLANGUAGES_PITTI;AFFECT;TAX_FNCACT_ANALYST;EPU_ECONOMY_HISTORIC;TAX_FNCACT_ANALYSTS;TAX_FNCACT_INSIDER;TAX_ECON_PRICE;LEADER;TAX_FNCACT_PRESIDENT;USPEC_POLITICS_GENERAL1;TAX_FNCACT_VICE_PRESIDENT;TAX_FNCACT_SENIOR_VICE_PRESIDENT;TAX_FNCACT_CFO;TAX_FNCACT_CHIEF;TAX_MILITARY_TITLE;TAX_MILITARY_TITLE_OFFICER;TAX_FNCACT_OFFICER;TAX_FNCACT_CHIEF_FINANCIAL_OFFICER;TAX_FNCACT_INSIDERS;WB_135_TRANSPORT;WB_1174_WAREHOUSING_AND_STORAGE;WB_793_TRANSPORT_AND_LOGISTICS_SERVICES;EPU_POLICY;EPU_POLICY_REGULATORY;WB_1973_FINANCIAL_RISK_REDUCTION;WB_435_AGRICULTURE_AND_FOOD_SECURITY;WB_337_INSURANCE;WB_1967_AGRICULTURAL_RISK_AND_SECURITY;WB_698_TRADE;CORRUPTION;,physician wealth advisors inc;tesla inc;nasdaq;horrell capital management inc;securities exchange commission;glj research;energy generation;pitti group wealth management;united states;exchange commission;raymond james financial;true wealth design;bell investment advisors inc;needham company,"2.50463821892393,2.78293135435993,0.278293135435993,3.06122448979592,19.0166975881262,0",dailypolitical.com,https://www.dailypolitical.com/2025/07/03/physician-wealth-advisors-inc-has-1-43-million-stake-in-tesla-inc-nasdaqtsla.html,2024-08-07,2.50463821892393,2024,8,Wednesday,Very Positive,2.50463821892393,False,True,32,3,2024-08-07,0.263488952871972,-0.10249599212707568
